individual_id	population	allele_a_haplotype	allele_b_haplotype	alleles_observed	haplotypes_observed	genotype	genotype_class
CTInd01	CT	H1	H4	a,b	H1,H4	H1/H4	heterozygous
CTInd02	CT	H4	H4	a,b	H4	H4/H4	homozygous
CTInd03	CT	H2	H4	a,b	H2,H4	H2/H4	heterozygous
CTInd04	CT	H1	H1	a,b	H1	H1/H1	homozygous
CTInd05	CT	H4	H3	a,b	H3,H4	H3/H4	heterozygous
MAInd01	MA	H1	H1	a,b	H1	H1/H1	homozygous
MAInd02	MA	H1	H2	a,b	H1,H2	H1/H2	heterozygous
MAInd03	MA	H2	H6	a,b	H2,H6	H2/H6	heterozygous
MAInd04	MA	H1	H6	a,b	H1,H6	H1/H6	heterozygous
MAInd05	MA	H6	H6	a,b	H6	H6/H6	homozygous
MEInd01	ME	H1	H7	a,b	H1,H7	H1/H7	heterozygous
MEInd02	ME	H2	H7	a,b	H2,H7	H2/H7	heterozygous
MEInd03	ME	H7	H7	a,b	H7	H7/H7	homozygous
MEInd04	ME	H1	H5	a,b	H1,H5	H1/H5	heterozygous
MEInd05	ME	H2	H5	a,b	H2,H5	H2/H5	heterozygous
NYInd01	NY	H1	H3	a,b	H1,H3	H1/H3	heterozygous
NYInd02	NY	H3	H3	a,b	H3	H3/H3	homozygous
NYInd03	NY	H2	H3	a,b	H2,H3	H2/H3	heterozygous
NYInd04	NY	H1	H5	a,b	H1,H5	H1/H5	heterozygous
NYInd05	NY	H5	H5	a,b	H5	H5/H5	homozygous
RIInd01	RI	H1	H2	a,b	H1,H2	H1/H2	heterozygous
RIInd02	RI	H2	H2	a,b	H2	H2/H2	homozygous
RIInd03	RI	H1	H8	a,b	H1,H8	H1/H8	heterozygous
RIInd04	RI	H8	H8	a,b	H8	H8/H8	homozygous
RIInd05	RI	H2	H8	a,b	H2,H8	H2/H8	heterozygous
